0,copy_slice,3.27e-07
0,copy_from_slice,3.3566666666666667e-07
0,pi_Ql,2.818666666666667e-06
0,copy_level_l,8.946666666666667e-07
0,assign_num_level_l,7.486666666666667e-07
0,mass_mult_l_row,1.3833333333333334e-06
0,restriction_l_row,1.4046666666666667e-06
0,solve_tridiag_M_l_row,2.4483333333333333e-06
0,mass_mult_l_col,3.8733333333333333e-07
0,restriction_l_col,3.6166666666666666e-07
0,solve_tridiag_M_l_col,8.513333333333333e-07
0,add_level_l,6.863333333333334e-07
